date,VND,demand,supply
2024-03-28,52.60,2198,1743
2024-03-27,52.50,2780,1303
2024-03-26,53.00,1759,1222
2024-03-25,53.00,2187,1743
2024-03-22,54.20,4251,4917
2024-03-21,53.00,1818,2062
2024-03-20,53.00,3256,3484
2024-03-19,51.60,1455,1228
2024-03-18,52.00,2707,2026
2024-03-15,52.20,2404,1390
2024-03-14,51.70,2654,1810
2024-03-13,52.60,1722,1388
2024-12-03,52.00,2065,1671
2024-11-03,50.50,2345,1391
2024-08-03,51.10,4354,1411
2024-07-03,53.30,2878,2266
2024-06-03,54.40,1394,1572
2024-05-03,54.40,1553,1503
2024-04-03,53.50,2487,2073
2024-01-03,53.50,2232,1362
2024-02-29,53.00,1693,1703
2024-02-28,53.90,2513,2520
2024-02-27,53.00,1068,1822
2024-02-26,53.60,1400,1732
2024-02-23,52.00,3980,4243
2024-02-22,49.75,1366,1618
2024-02-21,49.75,1521,2041
2024-02-20,49.40,1371,2141
2024-02-19,49.30,2559,3672
2024-02-16,48.55,2630,1359
2024-02-15,48.95,2022,1651
2024-07-02,48.95,1719,1854
2024-06-02,48.80,1718,1643
2024-05-02,48.65,2385,2706
2024-02-02,46.90,2393,1909
2024-01-02,47.25,2140,2009
2024-01-31,47.70,2354,1903
2024-01-30,48.45,1750,1585
2024-01-29,48.70,1287,1649
2024-01-26,48.95,1107,1347
2024-01-25,48.40,1359,2132
2024-01-24,48.90,2251,2062
2024-01-23,49.40,2081,2586
2024-01-22,49.80,2033,2486
2024-01-19,49.85,2824,4198
2024-01-18,47.50,1612,3165
2024-01-17,46.85,1661,2938
2024-01-16,46.90,985,2322
2024-01-15,46.60,1432,2961
2024-12-01,46.00,2738,4548
2024-11-01,46.50,2796,6124
2024-10-01,47.40,1558,2208
2024-09-01,46.05,1262,1524
2024-08-01,46.40,1321,1979
2024-05-01,44.50,1377,1568
2024-04-01,43.65,1889,2234
2024-03-01,43.80,943,2013
2024-02-01,43.00,928,1115
2023-12-29,43.40,1218,1033
2023-12-28,42.70,728,929
2023-12-27,43.00,897,1043
2023-12-26,43.00,888,1486
2023-12-25,43.20,1056,1498
2023-12-22,42.45,1251,1730
2023-12-21,41.80,1010,1246
2023-12-20,41.30,920,1360
2023-12-19,41.20,983,893
2023-12-18,41.00,1276,872
2023-12-15,41.50,556,799
2023-12-14,41.60,3386,1306
2023-12-13,41.60,782,1153
2023-12-12,41.90,1072,1470
2023-11-12,41.40,1499,1571
2023-08-12,41.90,1487,2420
2023-07-12,40.60,1571,2069
2023-06-12,40.00,1323,1555
2023-05-12,39.65,1144,1181
2023-04-12,39.80,1044,1253
2023-01-12,39.40,1082,1179
2023-11-30,38.85,1277,994
2023-11-29,39.30,1094,1072
2023-11-28,38.85,1884,1167
2023-11-27,43.00,1139,1136
2023-11-24,43.65,1542,893
2023-11-23,43.00,1036,1127
2023-11-22,43.60,1209,1040
2023-11-21,43.95,1041,1140
2023-11-20,43.15,1650,1041
2023-11-17,42.90,2092,1349
2023-11-16,43.75,1490,1196
2023-11-15,44.15,1767,2030
2023-11-14,43.00,1288,1897
2023-11-13,42.10,978,941
2023-10-11,42.20,1200,953
2023-09-11,42.85,1142,1383
2023-08-11,42.90,1240,1244
2023-07-11,41.80,599,904
2023-06-11,41.80,918,1317
2023-03-11,41.50,1000,1275
2023-02-11,41.65,1137,1157
2023-01-11,40.00,1120,682
2023-10-31,40.20,1212,1076
2023-10-30,41.00,785,1112
2023-10-27,42.00,1138,1285
2023-10-26,40.55,2478,1693
2023-10-25,40.75,1301,1246
2023-10-24,41.30,1660,1321
2023-10-23,40.30,1290,912
2023-10-20,40.50,1784,1214
2023-10-19,40.20,2361,1026
2023-10-18,40.00,2452,1097
2023-10-17,41.30,1156,949
2023-10-16,41.65,1529,891
2023-10-13,42.50,1514,1421
2023-12-10,42.15,1412,1043
2023-11-10,42.00,1639,1059
2023-10-10,42.05,1243,777
2023-09-10,41.95,1060,1011
2023-06-10,42.20,1317,754
2023-05-10,41.60,1350,1806
2023-04-10,42.50,1619,1415
2023-03-10,41.55,1998,1539
2023-02-10,43.95,1467,1119
2023-09-29,44.35,898,1044
2023-09-28,44.35,1045,1175
2023-09-27,44.40,1344,1158
2023-09-26,44.35,1826,1886
2023-09-25,45.10,1365,1377
2023-09-22,46.05,2577,1865
2023-09-21,45.20,1930,1425
2023-09-20,45.70,1361,835
2023-09-19,45.20,2021,1246
2023-09-18,45.75,1790,1304
2023-09-15,46.80,985,1068
2023-09-14,46.75,1799,2692
2023-09-13,47.00,1418,1717
2023-12-09,47.00,1229,1051
2023-11-09,46.50,1501,1481
2023-08-09,47.00,1880,1268
2023-07-09,47.35,1593,2133
2023-06-09,47.30,1314,1443
2023-05-09,47.50,1229,1832
2023-08-31,46.95,1158,1930
2023-08-30,46.20,1486,2022
2023-08-29,45.80,1508,1679
2023-08-28,45.40,1280,1515
2023-08-25,45.20,1870,1185
2023-08-24,45.80,1293,1935
2023-08-23,45.70,1069,1731
2023-08-22,45.80,2023,1707
2023-08-21,45.60,2281,1935
2023-08-18,44.20,3146,1636
2023-08-17,47.10,1152,1607
2023-08-16,47.50,1229,1479
2023-08-15,47.00,1736,1450
2023-08-14,47.60,1506,2608
2023-11-08,46.70,2916,1869
2023-10-08,46.50,3006,1817
2023-09-08,48.20,1635,1303
2023-08-08,48.65,1761,2121
2023-07-08,48.85,1787,2109
2023-04-08,48.40,2104,1439
2023-03-08,48.55,2420,1769
2023-02-08,49.10,1961,2355
2023-01-08,48.20,3871,4013
2023-07-31,47.20,1413,1744
2023-07-28,46.70,1666,1554
2023-07-27,46.70,1930,1496
2023-07-26,47.35,1663,2600
2023-07-25,47.15,2007,2075
2023-07-24,46.80,1662,2299
2023-07-21,46.75,1339,1757
2023-07-20,46.25,1311,1171
2023-07-19,46.25,2530,1548
2023-07-18,46.70,1434,1712
2023-07-17,46.20,2362,1661
2023-07-14,46.75,2464,2180
2023-07-13,46.90,1981,1787
2023-12-07,46.70,2704,2034
2023-11-07,46.55,2194,2909
2023-10-07,46.95,3277,4601
2023-07-07,44.30,1349,919
2023-06-07,43.95,1640,1440
2023-05-07,44.35,1013,1918
2023-04-07,44.00,2002,1023
2023-03-07,44.50,1707,1123
2023-06-30,43.35,1274,885
2023-06-29,44.50,1619,2356
2023-06-28,45.35,1611,2344
2023-06-27,44.30,1063,1011
2023-06-26,44.30,1738,1614
2023-06-23,44.30,1674,3068
2023-06-22,43.95,1065,2228
2023-06-21,43.40,1452,1466
2023-06-20,43.50,1362,857
2023-06-19,43.30,1319,761
2023-06-16,43.70,1129,1825
2023-06-15,43.85,1355,1468
2023-06-14,44.00,1097,1883
2023-06-13,44.35,1270,2045
2023-12-06,43.65,2185,1054
2023-09-06,43.45,2086,1881
2023-08-06,43.70,2081,1186
2023-07-06,44.35,1343,1264
2023-06-06,44.80,1158,1094
2023-05-06,44.70,851,1784
2023-02-06,44.70,1421,1831
2023-01-06,43.90,905,1019
2023-05-31,44.00,1004,751
2023-05-30,43.80,1066,1255
2023-05-29,43.90,981,739
2023-05-26,43.40,1257,697
2023-05-25,43.75,1444,711
2023-05-24,43.50,1416,528
2023-05-23,43.85,1351,1010
2023-05-22,44.40,599,990
2023-05-19,44.40,850,843
2023-05-18,44.65,833,812
2023-05-17,44.80,1147,1054
2023-05-16,45.00,737,899
2023-05-15,44.90,639,1457
2023-12-05,45.00,819,773
2023-11-05,45.00,958,913
2023-10-05,45.00,1017,1336
2023-09-05,45.10,679,1577
2023-08-05,44.70,1163,1814
2023-05-05,43.45,691,499
2023-04-05,43.75,825,670
2023-04-28,43.50,667,645
2023-04-27,43.90,663,484
2023-04-26,44.10,1143,808
2023-04-25,43.55,796,938
2023-04-24,43.70,847,901
2023-04-21,44.20,672,793
2023-04-20,44.60,738,606
2023-04-19,44.40,1028,895
2023-04-18,44.60,1217,911
2023-04-17,45.00,871,1240
2023-04-14,44.45,982,1055
2023-04-13,44.95,1330,1373
2023-12-04,44.40,1869,1424
2023-11-04,44.40,2728,1179
2023-10-04,44.70,2717,1487
2023-07-04,45.65,1028,787
2023-06-04,46.00,1896,2286
2023-05-04,45.50,2205,963
2023-04-04,46.00,1424,820
2023-03-04,45.90,1976,1132
2023-03-31,46.20,757,1963
2023-03-30,46.20,826,1237
2023-03-29,46.20,846,786
2023-03-28,46.00,664,1341
2023-03-27,46.00,1331,890
2023-03-24,45.55,939,754
2023-03-23,45.90,1266,737
2023-03-22,46.10,689,863
2023-03-21,45.35,1322,582
2023-03-20,45.35,1715,817
2023-03-17,46.30,777,971
2023-03-16,46.25,1044,1177
2023-03-15,46.80,1184,1064
2023-03-14,45.05,2533,1146
2023-03-13,46.25,1642,1078
2023-10-03,47.15,1984,1095
2023-09-03,47.65,1277,1392
2023-08-03,48.00,2110,1458
2023-07-03,46.90,1466,1827
2023-06-03,45.80,1027,1614
2023-03-03,45.90,1036,1137
2023-02-03,46.40,879,1567
2023-01-03,45.65,1834,913
2023-02-28,44.10,569,587
2023-02-27,44.25,872,813
2023-02-24,44.60,891,881
2023-02-23,45.55,2031,1087
2023-02-22,45.00,1538,958
2023-02-21,46.25,1590,1384
2023-02-20,47.20,1167,2315
2023-02-17,45.80,1353,2091
2023-02-16,45.00,1012,1415
2023-02-15,44.00,1199,1084
2023-02-14,43.40,1240,1119
2023-02-13,44.40,1234,1268
2023-10-02,42.95,1249,1084
2023-09-02,44.00,1938,994
2023-08-02,44.50,1307,1722
2023-07-02,43.80,1737,1831
2023-06-02,45.00,1328,1485
2023-03-02,43.35,1109,1111
2023-02-02,43.15,2868,1462
2023-01-02,42.80,2384,2207
2023-01-31,45.10,2556,1284
2023-01-30,44.50,1830,1216
2023-01-27,44.55,1743,1713
2023-01-19,45.95,1241,1815
2023-01-18,45.10,1958,1931
2023-01-17,44.95,2251,2130
2023-01-16,44.70,3325,3741
2023-01-13,41.80,1392,2373
2023-12-01,41.45,1228,1396
2023-11-01,41.25,1356,2118
2023-10-01,41.30,1597,1689
2023-09-01,41.00,3198,1866
2023-06-01,41.65,3050,4260
2023-05-01,40.75,1589,1820
2023-04-01,40.80,2099,2956
2023-03-01,41.20,2234,1879
2022-12-30,38.60,2210,1962
2022-12-29,40.00,1815,2196
2022-12-28,41.90,2835,4300
2022-12-27,40.00,1301,1483
2022-12-26,38.80,1059,1223
2022-12-23,39.00,1431,1706
2022-12-22,39.00,1336,2127
2022-12-21,38.60,1754,2057
2022-12-20,38.50,2469,1376
2022-12-19,38.80,1534,2739
2022-12-16,38.90,1749,1696
2022-12-15,39.00,1885,2160
2022-12-14,38.80,1058,1567
2022-12-13,38.70,1638,1798
2022-12-12,38.10,1657,2336
2022-09-12,39.20,3295,1778
2022-08-12,39.00,2658,2760
2022-07-12,39.00,2120,1527
2022-06-12,39.10,3751,2143
2022-05-12,41.25,2482,2771
2022-02-12,41.20,2579,1883
2022-01-12,39.00,2589,2744
2022-11-30,41.10,1703,3522
2022-11-29,41.00,2641,2989
2022-11-28,39.50,2466,3448
2022-11-25,40.00,1733,3581
2022-11-24,38.00,1881,2494
2022-11-23,37.40,2641,3790
2022-11-22,36.45,2377,3004
2022-11-21,35.50,1512,1773
2022-11-18,35.95,2193,2024
2022-11-17,35.65,1843,3001
2022-11-16,35.70,2150,1553
2022-11-15,33.40,3120,1768
2022-11-14,35.90,1770,2400
2022-11-11,36.00,1585,2900
2022-10-11,34.70,2701,2214
2022-09-11,36.15,3545,4876
2022-08-11,34.90,2193,3193
2022-07-11,33.30,1595,1609
2022-04-11,33.30,3275,2426
2022-03-11,33.00,1888,1088
2022-02-11,33.70,1670,1225
2022-01-11,34.05,1633,1695
2022-10-31,34.55,1961,1841
2022-10-28,33.80,4068,2538
2022-10-27,33.90,1582,1984
2022-10-26,31.70,2011,1096
2022-10-25,31.30,1535,1249
2022-10-24,30.35,1281,897
2022-10-21,32.60,1014,1104
2022-10-20,33.15,1181,1632
2022-10-19,33.00,817,1188
2022-10-18,32.80,924,1324
2022-10-17,32.70,1352,1010
2022-10-14,33.00,1159,1788
2022-10-13,32.45,1309,1807
2022-12-10,30.45,1106,1400
2022-11-10,28.50,1108,1229
2022-10-10,30.00,1418,1181
2022-07-10,29.20,2058,1416
2022-06-10,31.00,986,985
2022-05-10,31.80,968,1084
2022-04-10,31.00,1603,1193
2022-03-10,31.55,1878,1611
2022-09-30,33.90,2144,1073
2022-09-29,33.50,850,1185
2022-09-28,33.50,888,1021
2022-09-27,33.70,983,945
2022-09-26,33.40,2987,1235
2022-09-23,34.75,1159,886
2022-09-22,35.15,1051,760
2022-09-21,34.75,814,735
2022-09-20,35.15,1547,1184
2022-09-19,34.20,1955,1147
2022-09-16,35.50,1581,1055
2022-09-15,35.75,2224,1249
2022-09-14,36.50,1902,859
2022-09-13,36.80,1307,827
2022-12-09,36.90,1073,948
2022-09-09,37.00,1718,960
2022-08-09,36.70,2779,1582
2022-07-09,37.80,3068,1584
2022-06-09,40.05,1565,2285
2022-05-09,39.50,1294,1067
2022-08-31,40.00,1404,2130
2022-08-30,39.80,1647,2691
2022-08-29,39.00,1887,1258
2022-08-26,39.40,1417,2675
2022-08-25,39.30,1472,1405
2022-08-24,39.30,1139,1157
2022-08-23,39.50,1498,1111
2022-08-22,38.45,1947,1212
2022-08-19,39.35,1537,1190
2022-08-18,39.60,2002,1556
2022-08-17,40.00,1737,1447
2022-08-16,40.50,1244,1735
2022-08-15,41.00,2272,4020
2022-12-08,39.20,1616,1159
2022-11-08,38.30,1414,1899
2022-10-08,38.40,1266,1040
2022-09-08,38.65,1333,1591
2022-08-08,38.80,1451,1302
2022-05-08,39.00,1869,1413
2022-04-08,39.30,2087,2352
2022-03-08,39.30,1845,2477
2022-02-08,38.50,1853,2463
2022-01-08,39.00,2373,3140
2022-07-29,37.30,2571,3891
2022-07-28,36.50,1533,2395
2022-07-27,35.55,1293,719
2022-07-26,35.55,845,1074
2022-07-25,35.40,2074,1030
2022-07-22,35.50,1385,1345
2022-07-21,36.50,1045,2158
2022-07-20,36.40,1261,2138
2022-07-19,35.65,1359,1003
2022-07-18,35.50,1141,1063
2022-07-15,35.80,1726,2069
2022-07-14,36.15,1178,2093
2022-07-13,36.05,1819,2449
2022-12-07,36.40,1465,1496
2022-11-07,34.50,2305,1166
2022-08-07,35.00,2517,1166
2022-07-07,36.30,1894,1572
2022-06-07,35.60,2121,1862
2022-05-07,36.30,2352,4104
2022-04-07,35.05,1472,2133
2022-01-07,35.05,2479,2282
2022-06-30,33.50,906,1678
2022-06-29,34.90,2168,2860
2022-06-28,33.65,1431,2424
2022-06-27,31.75,791,999
2022-06-24,31.20,1218,1532
2022-06-23,31.00,780,761
2022-06-22,30.50,1572,971
2022-06-21,30.30,1268,1133
2022-06-20,29.50,1110,962
2022-06-17,31.60,1920,1124
2022-06-16,32.30,910,1100
2022-06-15,32.00,1575,863
2022-06-14,32.30,1293,922
2022-06-13,31.95,1859,1158
2022-10-06,33.80,1190,845
2022-09-06,34.50,638,822
2022-08-06,34.30,1013,1342
2022-07-06,33.60,1525,1043
2022-06-06,34.20,1094,1050
2022-03-06,34.35,926,716
2022-02-06,34.70,966,980
2022-01-06,35.15,1030,1106
2022-05-31,35.30,1210,933
2022-05-30,35.75,938,1501
2022-05-27,35.30,1024,1198
2022-05-26,35.10,1014,1718
2022-05-25,34.90,1363,1710
2022-05-24,33.75,919,877
2022-05-23,33.35,1442,874
2022-05-20,34.50,1295,1114
2022-05-19,34.65,1210,982
2022-05-18,34.90,1224,1639
2022-05-17,34.45,1160,1242
2022-05-16,32.20,1439,1349
2022-05-13,31.80,2262,1771
2022-12-05,33.60,2397,1382
2022-11-05,36.10,1234,862
2022-10-05,35.80,1746,1260
2022-09-05,34.45,2269,1320
2022-06-05,37.00,1600,1169
2022-05-05,38.20,1117,1810
2022-04-05,37.25,1247,1315
2022-04-29,37.25,1158,1560
2022-04-28,36.70,1486,950
2022-04-27,37.20,1336,1102
2022-04-26,36.90,2162,1994
2022-04-25,35.85,2940,1677
2022-04-22,38.50,2462,1694
2022-04-21,38.50,1925,1846
2022-04-20,37.95,1620,1563
2022-04-19,37.95,2049,1938
2022-04-18,37.95,2892,1831
2022-04-15,39.30,2405,1759
2022-04-14,40.50,1994,1233
2022-04-13,40.90,2548,1711
2022-12-04,40.45,4215,1695
2022-08-04,41.90,3686,1496
2022-07-04,43.05,1966,3500
2022-06-04,43.50,3054,2508
2022-05-04,43.30,2834,2379
2022-04-04,44.25,1530,2977
2022-01-04,44.35,2135,4409
2022-03-31,43.50,1141,2736
2022-03-30,43.55,2097,4410
2022-03-29,42.40,2015,1399
2022-03-28,41.60,4649,1788
2022-03-25,43.45,1962,1941
2022-03-24,43.10,1840,1267
2022-03-23,43.40,2192,2476
2022-03-22,43.50,2635,4473
2022-03-21,43.80,1558,1937
2022-03-18,43.90,1966,3913
2022-03-17,43.50,3138,4273
2022-03-16,41.60,1977,1859
2022-03-15,42.10,1399,2417
2022-03-14,41.30,1519,1694
2022-11-03,41.85,1252,1612
2022-10-03,40.95,1614,1616
2022-09-03,40.50,3014,1607
2022-08-03,41.60,2829,1911
2022-07-03,42.25,2389,1585
2022-04-03,43.30,2097,1926
2022-03-03,42.80,3229,2350
2022-02-03,42.45,4473,2461
2022-01-03,44.10,2120,2338
2022-02-28,43.70,3116,2175
2022-02-25,44.55,2065,1799
2022-02-24,44.60,4691,2278
2022-02-23,45.60,3197,2996
2022-02-22,46.00,2032,1928
2022-02-21,45.25,4102,2703
2022-02-18,44.70,3479,1577
2022-02-17,46.00,1903,1587
2022-02-16,45.15,3475,1522
2022-02-15,46.20,2783,2698
2022-02-14,44.75,6605,3090
2022-11-02,47.90,1983,1578
2022-10-02,48.40,1769,2492
2022-09-02,48.40,4189,3277
2022-08-02,47.35,2653,1949
2022-07-02,47.40,2737,2076
2022-01-28,47.95,2050,2700
2022-01-27,47.60,2072,1912
2022-01-26,48.10,3266,3429
2022-01-25,49.00,2859,3076
2022-01-24,46.90,2570,3308
2022-01-21,47.35,3482,4089
2022-01-20,46.70,3916,3987
2022-01-19,43.65,2855,2409
2022-01-18,44.90,3502,3718
2022-01-17,43.65,4879,5328
2022-01-14,44.25,2301,3594
2022-01-13,44.00,5631,5330
2022-12-01,42.15,3771,4748
2022-11-01,39.40,2715,3106
2022-10-01,38.85,2731,3090
2022-07-01,39.20,3074,3916
2022-06-01,38.00,4094,4561
2022-05-01,37.05,2214,2141
2022-04-01,37.40,2108,2424
2021-12-31,37.10,3798,4699
2021-12-30,35.40,1085,1270
2021-12-29,35.20,1435,1278
2021-12-28,35.20,1625,1221
2021-12-27,35.30,1183,939
2021-12-24,35.00,1811,1211
2021-12-23,34.50,2882,951
2021-12-22,43.30,2286,1940
2021-12-21,43.80,2064,1427
2021-12-20,44.60,1380,1156
2021-12-17,44.90,1705,1685
2021-12-16,44.90,1497,1076
2021-12-15,44.90,1448,1466
2021-12-14,45.30,1044,2177
2021-12-13,45.50,1605,2674
2021-10-12,44.60,1652,2711
2021-09-12,44.00,1039,1076
2021-08-12,44.00,1212,1601
2021-07-12,43.60,1460,1529
2021-06-12,41.95,2127,1416
2021-03-12,42.00,2041,1249
2021-02-12,44.20,1287,1531
2021-01-12,44.30,1800,1282
2021-11-30,44.40,2331,2087
2021-11-29,44.50,2900,1492
2021-11-26,45.45,2418,2466
2021-11-25,45.35,2833,2639
2021-11-24,46.05,2606,3667
2021-11-23,44.70,1686,1841
2021-11-22,45.55,2585,3376
2021-11-19,44.40,2792,3909
2021-11-18,44.50,2406,4316
2021-11-17,43.60,1447,2904
2021-11-16,42.80,1442,1443
2021-11-15,42.80,1642,1558
2021-12-11,43.20,1512,1375
2021-11-11,42.80,2050,1995
2021-10-11,43.00,1834,1764
2021-09-11,43.00,2625,2388
2021-08-11,43.90,2247,2944
2021-05-11,43.60,1627,2853
2021-04-11,44.00,2294,3996
2021-03-11,43.05,2877,5554
2021-02-11,41.95,1523,2515
2021-01-11,41.80,1729,3798
2021-10-29,41.50,2465,4253
2021-10-28,39.85,1366,2291
2021-10-27,39.90,1748,2103
2021-10-26,39.20,1190,923
2021-10-25,39.20,1466,1185
2021-10-22,39.30,1483,1096
2021-10-21,39.50,1045,1213
2021-10-20,39.75,1631,1477
2021-10-19,40.05,1653,3389
2021-10-18,39.30,1721,1689
2021-10-15,39.50,1494,1186
2021-10-14,39.55,1486,1185
2021-10-13,39.90,1638,1919
2021-12-10,40.25,1645,3122
2021-11-10,40.00,1592,2471
2021-08-10,39.20,1307,1442
2021-07-10,39.15,1166,1498
2021-06-10,39.40,940,1935
2021-05-10,39.30,948,1275
2021-04-10,38.90,1724,1463
2021-01-10,38.80,2301,1426
2021-09-30,39.45,1775,1327
2021-09-29,39.90,1903,1507
2021-09-28,40.10,1430,2417
2021-09-27,39.40,1455,2110
2021-09-24,39.70,1100,1426
2021-09-23,39.45,1298,1488
2021-09-22,39.60,1495,1503
2021-09-21,39.65,1837,1399
2021-09-20,39.90,1643,2503
2021-09-17,40.00,1504,3259
2021-09-16,39.40,1245,1789
2021-09-15,38.80,1642,1186
2021-09-14,38.70,2443,1700
2021-09-13,39.15,2304,1415
2021-10-09,39.65,1221,1427
2021-09-09,39.80,1328,1308
2021-08-09,39.60,2181,2434
2021-07-09,39.70,2339,2702
2021-06-09,39.10,1894,1962
2021-01-09,39.00,2188,1574
2021-08-31,38.95,2650,1838
2021-08-30,39.45,2029,1765
2021-08-27,38.70,3701,2058
2021-08-26,38.60,4111,2255
2021-08-25,39.45,2753,1819
2021-08-24,39.40,4587,2669
2021-08-23,39.30,4522,2134
2021-08-20,40.50,6427,2844
2021-08-19,42.50,2871,1353
2021-08-18,42.65,2286,1487
2021-08-17,42.95,2155,2097
2021-08-16,43.30,3751,3094
2021-08-13,42.55,3225,1898
2021-12-08,42.80,1834,1784
2021-11-08,43.10,2350,4429
2021-10-08,43.30,1980,2791
2021-09-08,43.15,2126,2269
2021-06-08,42.90,2282,2519
2021-05-08,42.95,2924,2304
2021-04-08,43.00,2393,2863
2021-03-08,43.35,2307,2494
2021-02-08,42.55,3011,4582
2021-07-30,41.10,2440,2503
2021-07-29,41.00,1623,2077
2021-07-28,40.50,1842,1340
2021-07-27,40.20,1965,1744
2021-07-26,40.00,2876,1465
2021-07-23,40.20,2930,2375
2021-07-22,41.00,1963,1773
2021-07-21,40.70,2371,1423
2021-07-20,41.00,3835,2948
2021-07-19,39.65,3746,2261
2021-07-16,42.50,1547,1863
2021-07-15,42.70,2091,2536
2021-07-14,42.60,2567,1915
2021-07-13,42.40,2537,2191
2021-12-07,42.00,5203,3373
2021-09-07,44.90,3733,2663
2021-08-07,45.80,2501,2428
2021-07-07,45.50,4847,2887
2021-06-07,44.00,5172,8014
2021-05-07,46.65,4791,2820
2021-02-07,47.05,4529,3715
2021-01-07,47.30,3444,3839
2021-06-30,47.25,2740,5078
2021-06-29,46.90,3465,5741
2021-06-28,46.90,5215,7122
2021-06-25,45.55,3138,2806
2021-06-24,45.20,2278,2801
2021-06-23,45.40,2735,3888
2021-06-22,45.00,3123,2235
2021-06-21,45.00,5442,2258
2021-06-18,46.15,2735,3781
2021-06-17,45.90,3146,4168
2021-06-16,45.30,4611,4331
2021-06-15,44.90,4548,2597
2021-06-14,44.90,3712,2639
2021-11-06,45.20,5214,4601
2021-10-06,43.90,5072,2498
2021-09-06,45.45,4486,3296
2021-08-06,44.80,4628,3596
2021-07-06,46.80,6301,3410
2021-04-06,49.00,3321,4058
2021-03-06,48.80,5104,4821
2021-02-06,47.40,6239,3702
2021-01-06,48.00,4182,4312
2021-05-31,48.70,4856,5288
2021-05-28,47.15,7524,6602
2021-05-27,45.40,6073,5421
2021-05-26,46.65,7095,5345
2021-05-25,46.70,5413,8187
2021-05-24,46.00,5038,10408
2021-05-21,44.75,7906,12265
2021-05-20,41.85,4215,4322
2021-05-19,40.90,4184,2569
2021-05-18,40.90,5580,3827
2021-05-17,41.80,2806,3741
2021-05-14,42.35,2724,4414
2021-05-13,42.60,3805,5023
2021-12-05,42.65,3565,3645
2021-11-05,42.10,3354,7259
2021-10-05,41.40,3893,3992
2021-07-05,40.65,5418,2493
2021-06-05,41.25,3336,2390
2021-05-05,41.90,3155,2947
2021-04-05,41.30,3731,2378
2021-04-29,41.00,2830,2319
2021-04-28,40.60,2612,1427
2021-04-27,40.35,3398,1696
2021-04-26,40.50,4414,2194
2021-04-23,42.00,4758,3035
2021-04-22,41.00,3612,2364
2021-04-20,43.20,2696,3445
2021-04-19,43.00,4634,2419
2021-04-16,42.00,5989,2603
2021-04-15,43.05,5251,2123
2021-04-14,44.00,4636,1740
2021-04-13,43.65,3918,2218
2021-12-04,44.75,4738,2833
2021-09-04,44.30,4770,2417
2021-08-04,44.80,2755,3073
2021-07-04,45.55,2241,2182
2021-06-04,45.75,3735,4097
2021-05-04,45.55,4199,4913
2021-02-04,45.00,2990,5484
2021-01-04,43.95,1976,3463
2021-03-31,42.95,1699,2626
2021-03-30,42.85,2278,2072
2021-03-29,42.55,1455,1244
2021-03-26,42.10,3300,1755
2021-03-25,42.25,2983,1701
2021-03-24,42.15,4093,2156
2021-03-23,43.70,4994,2054
2021-03-22,44.65,2594,3136
2021-03-19,45.00,2887,3858
2021-03-18,45.00,3715,6816
2021-03-17,43.30,4642,2274
2021-03-16,42.40,2669,1397
2021-03-15,43.00,1828,2557
2021-12-03,43.35,1844,2570
2021-11-03,43.30,1686,2127
2021-10-03,42.00,3110,1231
2021-09-03,41.85,3280,1144
2021-08-03,42.45,1948,1347
2021-05-03,42.40,2668,1095
2021-04-03,42.75,1834,2138
2021-03-03,43.80,1662,1477
2021-02-03,44.05,1778,2370
2021-01-03,44.10,2267,2214
2021-02-26,43.60,2240,1339
2021-02-25,42.95,2882,1463
2021-02-24,43.05,2222,1722
2021-02-23,44.00,1795,1753
2021-02-22,43.75,1424,2085
2021-02-19,44.10,1794,2736
2021-02-18,43.40,2179,2637
2021-02-17,42.10,1583,1589
2021-09-02,40.80,2060,1971
2021-08-02,40.10,2981,2130
2021-05-02,41.80,1319,1447
2021-04-02,41.50,1600,1462
2021-03-02,41.35,2105,1846
2021-02-02,39.35,2366,1637
2021-01-02,39.10,2017,1816
2021-01-29,39.90,2869,2113
2021-01-28,38.45,2681,2245
2021-01-27,41.30,2891,1856
2021-01-26,42.55,2932,1554
2021-01-25,44.60,2247,1239
2021-01-22,45.25,2991,1754
2021-01-21,46.50,1858,1285
2021-01-20,45.50,3041,2126
2021-01-19,45.25,2337,1795
2021-01-18,48.65,1561,1698
2021-01-15,48.85,2229,2266
2021-01-14,48.85,1600,1671
2021-01-13,48.45,1663,1664
2021-12-01,48.75,2058,1703
2021-11-01,48.25,3406,1803
2021-08-01,48.50,2016,2179
2021-07-01,48.90,1680,1984
2021-06-01,48.80,2586,3442
2021-05-01,47.90,2434,1356
2021-04-01,48.25,1656,1846
2020-12-31,47.90,2252,1843
2020-12-30,48.05,1702,2568
2020-12-29,48.35,2414,3766
2020-12-28,47.45,2038,3213
2020-12-25,46.60,2990,1928
2020-12-24,45.50,4232,2317
2020-12-23,46.60,2560,1986
2020-12-22,46.85,3725,1730
2020-12-21,47.45,2906,2285
2020-12-18,47.00,1811,2774
2020-12-17,46.40,3480,2684
2020-12-16,47.40,1927,3332
2020-12-15,46.10,3286,3063
2020-12-14,46.50,2545,2694
2020-11-12,45.80,3341,4763
2020-10-12,43.95,3924,4452
2020-09-12,43.80,3671,4405
2020-08-12,42.70,3139,2951
2020-07-12,43.00,3616,4930
2020-04-12,41.65,2745,3597
2020-03-12,41.60,2095,2398
2020-02-12,41.50,2378,1811
2020-01-12,41.70,4551,2060
2020-11-30,41.70,2272,2605
2020-11-27,42.45,2588,3810
2020-11-26,42.60,2599,3867
2020-11-25,41.30,2098,2938
2020-11-24,40.70,2782,2052
2020-11-23,41.10,2099,1948
2020-11-20,41.20,2220,3212
2020-11-19,40.40,1922,2590
2020-11-18,40.05,2025,1842
2020-11-17,40.30,2177,1566
2020-11-16,39.90,2522,2568
2020-11-13,40.30,1953,2700
2020-12-11,39.60,1284,1624
2020-11-11,39.40,1484,1228
2020-10-11,39.40,1731,2093
2020-09-11,39.25,1556,1182
2020-06-11,39.05,1703,967
2020-05-11,39.05,2779,1316
2020-04-11,39.75,1701,1609
2020-03-11,39.40,1945,1336
2020-02-11,38.90,2449,1110
2020-10-30,38.50,3560,1813
2020-10-29,38.65,5318,3156
2020-10-28,39.30,4801,2563
2020-10-27,40.70,3763,2022
2020-10-26,41.00,4090,1976
2020-10-23,42.80,2249,2780
2020-10-22,42.95,1859,2621
2020-10-21,42.35,2501,3843
2020-10-20,42.00,2726,1853
2020-10-19,41.90,3262,2449
2020-10-16,42.20,2959,2815
2020-10-15,42.25,3547,2837
2020-10-14,42.90,5316,6076
2020-10-13,41.25,2115,3391
2020-12-10,40.95,3009,5128
2020-09-10,40.35,1958,1169
2020-08-10,40.40,2146,1793
2020-07-10,40.45,2002,1664
2020-06-10,40.45,2110,1510
2020-05-10,40.40,2699,1314
2020-02-10,40.65,2911,2539
2020-01-10,40.95,1558,1382
2020-09-30,40.80,1446,1231
2020-09-29,40.65,2343,3067
2020-09-28,41.30,1777,2710
2020-09-25,40.80,1708,1400
2020-09-24,40.90,2093,1716
2020-09-23,41.40,2456,3227
2020-09-22,40.70,1974,1280
2020-09-21,40.80,1382,1734
2020-09-18,41.00,1834,1666
2020-09-17,40.50,2085,1527
2020-09-16,40.55,1266,868
2020-09-15,40.75,1452,1534
2020-09-14,40.50,1224,926
2020-11-09,40.45,1493,910
2020-10-09,40.50,1445,955
2020-09-09,40.80,2093,825
2020-08-09,40.85,2764,1137
2020-07-09,40.60,2882,1796
2020-04-09,42.10,2484,2176
2020-03-09,42.20,2036,2763
2020-01-09,41.40,1955,2253
2020-08-31,40.95,1652,3041
2020-08-28,40.55,2770,3608
2020-08-27,39.10,1715,1135
2020-08-26,39.35,1400,1024
2020-08-25,39.50,1337,2147
2020-08-24,39.65,1158,1876
2020-08-21,38.95,1067,1813
2020-08-20,38.25,1338,1071
2020-08-19,38.60,970,819
2020-08-18,38.40,1057,788
2020-08-17,38.70,1405,882
2020-08-14,39.00,1767,1404
2020-08-13,39.65,903,1451
2020-12-08,39.20,1427,1935
2020-11-08,38.50,1102,1264
2020-10-08,38.10,888,963
2020-07-08,38.10,1511,792
2020-06-08,38.25,1412,1017
2020-05-08,38.75,1157,1259
2020-04-08,37.90,869,1087
2020-03-08,37.20,1290,1049
2020-07-31,36.65,1656,1085
2020-07-30,37.20,1079,1002
2020-07-29,36.95,1751,1112
2020-07-28,37.85,2283,1470
2020-07-27,35.55,2529,2008
2020-07-24,38.20,3585,1810
2020-07-23,39.85,1628,980
2020-07-22,40.00,1581,890
2020-07-21,40.80,1092,685
2020-07-20,40.80,1418,1117
2020-07-17,41.60,1552,2176
2020-07-16,41.35,1225,849
2020-07-15,41.35,578,1696
2020-07-14,41.25,1055,1001
2020-07-13,41.30,1247,1828
2020-10-07,41.50,1444,1682
2020-09-07,41.60,1236,2332
2020-08-07,40.55,948,1361
2020-07-07,40.60,1288,1788
2020-06-07,40.10,967,1465
2020-03-07,39.10,1026,1153
2020-02-07,39.00,1027,1093
2020-01-07,39.20,1450,1318
2020-06-30,37.90,1639,1389
2020-06-29,38.50,2648,1528
2020-06-26,39.90,1816,1074
2020-06-25,40.00,1993,1184
2020-06-24,40.30,1808,1116
2020-06-23,40.70,2023,1028
2020-06-22,41.30,1187,1310
2020-06-19,41.45,1253,1443
2020-06-18,40.50,1599,870
2020-06-17,40.30,1729,1059
2020-06-16,40.70,1536,1510
2020-06-15,39.90,2404,1785
2020-12-06,42.50,3600,2377
2020-11-06,40.50,3125,2190
2020-10-06,43.50,2248,1939
2020-09-06,43.35,2175,2019
2020-08-06,44.00,2743,3055
2020-05-06,42.10,1516,2115
2020-04-06,41.80,1845,3181
2020-03-06,41.00,1449,1594
2020-02-06,40.55,2378,2121
2020-01-06,41.45,1544,2240
2020-05-29,40.10,2855,1225
2020-05-28,40.70,2871,2376
2020-05-27,39.80,2969,3116
2020-05-26,42.00,3725,3694
2020-05-25,39.65,1623,1921
2020-05-22,39.30,1936,2070
2020-05-21,39.70,2962,3327
2020-05-20,39.15,1567,1295
2020-05-19,39.10,1864,2345
2020-05-18,38.90,3200,1272
2020-05-15,38.60,2979,2363
2020-05-14,39.70,2745,2706
2020-05-13,39.60,3462,2831
2020-12-05,38.55,2753,2062
2020-11-05,38.50,2179,2082
2020-08-05,38.00,3283,4260
2020-07-05,37.55,2697,3416
2020-06-05,36.00,1456,1906
2020-05-05,35.30,957,1031
2020-04-05,35.30,1294,1232
2020-04-29,35.60,1466,1259
2020-04-28,35.15,2085,1211
2020-04-27,35.10,2456,1530
2020-04-24,36.00,1881,1218
2020-04-23,36.20,1559,1219
2020-04-22,36.20,2923,1627
2020-04-21,34.70,4223,2783
2020-04-20,37.10,2804,1726
2020-04-17,37.40,2100,1763
2020-04-16,37.30,2628,1108
2020-04-15,37.30,1953,1562
2020-04-14,36.50,3995,2048
2020-04-13,37.15,2050,1321
2020-10-04,36.90,2933,1328
2020-09-04,37.70,2702,1790
2020-08-04,37.95,3118,1586
2020-07-04,37.00,2819,1889
2020-06-04,36.70,2731,1760
2020-03-04,34.30,1885,1812
2020-01-04,32.10,1314,1216
2020-03-31,30.85,1712,1069
2020-03-30,30.90,1756,952
2020-03-27,33.00,1446,1481
2020-03-26,33.30,1682,1644
2020-03-25,33.20,1711,1192
2020-03-24,31.60,1409,1345
2020-03-23,30.80,1586,1552
2020-03-20,33.10,1325,992
2020-03-19,33.40,1741,947
2020-03-18,34.55,2332,1461
2020-03-17,33.80,2175,1589
2020-03-16,32.80,1926,1151
2020-03-13,35.00,2142,1641
2020-12-03,36.70,1328,1433
2020-11-03,39.45,2376,1392
2020-10-03,42.40,2169,1254
2020-09-03,43.60,1451,1234
2020-06-03,46.85,1187,955
2020-05-03,46.65,901,1452
2020-04-03,46.15,1378,820
2020-03-03,46.90,1317,1872
2020-02-03,45.15,1096,1070
2020-02-28,45.50,1877,1050
2020-02-27,47.10,1612,1050
2020-02-26,47.00,1632,887
2020-02-25,48.80,1733,1013
2020-02-24,46.30,2610,1179
2020-02-21,49.50,4432,1583
2020-02-20,51.30,799,1008
2020-02-19,51.30,905,1000
2020-02-18,52.00,1278,1605
2020-02-17,51.50,1124,1459
2020-02-14,50.00,1321,858
2020-02-13,50.40,1563,1074
2020-12-02,50.80,1366,1093
2020-11-02,50.80,1921,1073
2020-10-02,49.10,2705,977
2020-07-02,51.70,3275,1303
2020-06-02,53.20,2070,1226
2020-05-02,53.50,1220,1070
2020-04-02,54.40,1716,1332
2020-03-02,53.50,2013,1527
2020-01-31,51.50,1512,888
2020-01-30,52.70,2307,1126
2020-01-22,55.50,904,888
2020-01-21,54.00,876,836
2020-01-20,53.30,1099,816
2020-01-17,53.50,1439,1127
2020-01-16,54.00,1504,1519
2020-01-15,51.00,947,859
2020-01-14,50.10,1067,736
2020-01-13,50.10,1292,880
2020-10-01,51.30,2013,2260
2020-09-01,49.65,1806,2185
2020-08-01,47.10,1370,1330
2020-07-01,46.70,1110,622
2020-06-01,45.80,1000,551
2020-03-01,46.70,903,776
2020-02-01,46.90,1066,784
